{
  "lambda": 2.0943951023931953,
  "amp": 0.3,
  "a": 0.6283185307179585,
  "config": {
    "nx": 128,
    "ny": 128,
    "n_waves": 12,
    "U_drive": 1.5,
    "f_amp": 0.4,
    "spinup": 3000,
    "measure": 800,
    "Ri": 0.0,
    "seed": 0
  },
  "source": {
    "n_valid": 128,
    "m_flat_mean": 0.00023766675223186473,
    "nu_ratio": 0.9231418012980865,
    "v_scallop": 0.3299269362071561,
    "v_net": -0.07685819870191347,
    "f_reatt": 0.2421875,
    "R_phase": 0.9500198057237731,
    "phase_pref": 4.546626598078392,
    "corr_mn_phasecos": -0.22151305912018449,
    "reatt_frac_by_phase": [
      0.0,
      0.0,
      0.0,
      0.0,
      0.0,
      0.0,
      0.0,
      0.9166666666666666,
      1.0,
      1.0,
      0.0,
      0.0
    ],
    "phase_bin_centers": [
      0.2617993877991494,
      0.7853981633974483,
      1.308996938995747,
      1.832595714594046,
      2.356194490192345,
      2.8797932657906435,
      3.4033920413889422,
      3.9269908169872414,
      4.4505895925855405,
      4.974188368183839,
      5.497787143782137,
      6.021385919380437
    ],
    "w_norm": [
      0.0,
      0.0,
      0.0,
      0.0,
      0.0,
      0.0,
      0.0,
      1.160409287135669,
      3.0114551720196614,
      0.0,
      0.0,
      0.0,
      0.0,
      0.0,
      0.0,
      0.0,
      0.0,
      0.0,
      2.207357591186778,
      1.497296959979139,
      0.0,
      0.0,
      0.0,
      0.0,
      0.0,
      0.0,
      0.0,
      0.0,
      0.8015413085515158,
      2.062148382416854,
      1.0156539662484632,
      0.0,
      0.0,
      0.0,
      0.0,
      0.0,
      0.0,
      0.0,
      0.0,
      0.7221091647077265,
      2.580256114377442,
      0.0,
      0.0,
      0.0,
      0.0,
      0.0,
      0.0,
      0.0,
      0.0,
      0.010771045090501384,
      2.290189181780057,
      1.2928873407413806,
      0.0,
      0.0,
      0.0,
      0.0,
      0.0,
      0.0,
      0.0,
      0.0,
      0.6153743434507024,
      1.8847308192987706,
      0.747789011771834,
      0.0,
      0.0,
      0.0,
      0.0,
      0.0,
      0.0,
      0.0,
      0.0,
      0.6718259869897591,
      2.3505039148560143,
      0.0,
      0.0,
      0.0,
      0.0,
      0.0,
      0.0,
      0.0,
      0.0,
      0.19335947198261946,
      2.1033896008757256,
      1.1155264423072786,
      0.0,
      0.0,
      0.0,
      0.0,
      0.0,
      0.0,
      0.0,
      0.0,
      0.47277220743269693,
      1.6143104714894,
      0.5900719414002553,
      0.0,
      0.0,
      0.0,
      0.0,
      0.0,
      0.0,
      0.0,
      0.0,
      1.1026863600788377,
      3.0963904581571535,
      0.0,
      0.0,
      0.0,
      0.0,
      0.0,
      0.0,
      0.0,
      0.0,
      0.1215109712181043,
      2.2799146662960363,
      1.0577215555312305,
      0.0,
      0.0,
      0.0,
      0.0,
      0.0,
      0.0,
      0.0,
      0.0,
      0.5800416169750746,
      1.8990657576051138,
      1.0815867225641789,
      0.0
    ],
    "phase": [
      0.0,
      0.5890486225480862,
      1.1780972450961724,
      1.7671458676442586,
      2.356194490192345,
      2.945243112740431,
      3.5342917352885173,
      4.123340357836604,
      4.71238898038469,
      5.301437602932776,
      5.890486225480862,
      0.1963495408493614,
      0.7853981633974483,
      1.3744467859455352,
      1.9634954084936211,
      2.5525440310417054,
      3.141592653589793,
      3.730641276137879,
      4.319689898685965,
      4.908738521234051,
      5.497787143782137,
      6.086835766330225,
      0.3926990816987228,
      0.9817477042468106,
      1.5707963267948966,
      2.1598449493429825,
      2.7488935718910703,
      3.3379421944391563,
      3.9269908169872423,
      4.51603943953533,
      5.105088062083411,
      5.6941366846314985,
      0.0,
      0.5890486225480878,
      1.178097245096172,
      1.7671458676442597,
      2.356194490192344,
      2.9452431127404353,
      3.534291735288516,
      4.123340357836604,
      4.712388980384688,
      5.301437602932776,
      5.890486225480863,
      0.19634954084936496,
      0.7853981633974456,
      1.3744467859455334,
      1.9634954084936211,
      2.552544031041709,
      3.141592653589793,
      3.7306412761378738,
      4.319689898685965,
      4.908738521234049,
      5.497787143782141,
      6.086835766330225,
      0.39269908169872636,
      0.9817477042468141,
      1.5707963267948983,
      2.1598449493429825,
      2.748893571891074,
      3.337942194439158,
      3.926990816987235,
      4.5160394395353265,
      5.105088062083411,
      5.694136684631502,
      0.0,
      0.5890486225480842,
      1.1780972450961755,
      1.7671458676442597,
      2.356194490192344,
      2.945243112740428,
      3.5342917352885195,
      4.123340357836604,
      4.712388980384688,
      5.301437602932779,
      5.8904862254808705,
      0.1963495408493614,
      0.7853981633974456,
      1.3744467859455298,
      1.9634954084936211,
      2.5525440310417125,
      3.1415926535897896,
      3.7306412761378738,
      4.319689898685965,
      4.908738521234056,
      5.497787143782141,
      6.086835766330225,
      0.3926990816987299,
      0.981747704246807,
      1.5707963267948912,
      2.1598449493429897,
      2.7488935718910668,
      3.337942194439158,
      3.9269908169872423,
      4.516039439535319,
      5.105088062083418,
      5.694136684631502,
      0.0,
      0.5890486225480842,
      1.1780972450961613,
      1.7671458676442668,
      2.356194490192344,
      2.9452431127404353,
      3.5342917352885124,
      4.123340357836597,
      4.712388980384695,
      5.301437602932772,
      5.890486225480863,
      0.1963495408493614,
      0.7853981633974527,
      1.374446785945537,
      1.9634954084936282,
      2.5525440310417054,
      3.1415926535897967,
      3.7306412761378738,
      4.319689898685965,
      4.908738521234056,
      5.497787143782148,
      6.086835766330225,
      0.3926990816987299,
      0.981747704246807,
      1.5707963267948841,
      2.1598449493429897,
      2.7488935718910668,
      3.337942194439158,
      3.926990816987235,
      4.5160394395353265,
      5.105088062083418,
      5.694136684631495
    ]
  },
  "network": {
    "n_seg": 96,
    "n_seg_per_wave": 8,
    "conc_gain": 0.5,
    "k_creep": 1.0,
    "ode_dt": 0.05,
    "ode_steps": 4000,
    "n_noise_seeds": 24,
    "v_scallop_over_Vo": 0.3299269362071561,
    "R_winner_scallop": 1.0,
    "phase_winner_scallop": 4.71238898038469,
    "R_winner_noise": 0.5714310452238608,
    "phase_winner_noise": 0.438948228918593,
    "site_locked": true,