{
  "config": {
    "nx": 128,
    "ny": 128,
    "n_waves": 12,
    "U_drive": 1.5,
    "spinup": 3000,
    "measure": 800,
    "Ri": 0.0,
    "seed": 0,
    "lambda": 2.0943951023931953,
    "a_over_lam": [
      0.05,
      0.075,
      0.1,
      0.125,
      0.15,
      0.2,
      0.25,
      0.3
    ],
    "wall_time_s": 535.6
  },
  "Nu_flat": 0.0002339800756531642,
  "rows": [
    {
      "R_mean": 0.9998305341507178,
      "R_max": 1.9217276421009009,
      "R_min": 0.20239915929493127,
      "R_std": 0.42086498011487083,
      "corr_excess_slope": -0.888833644820693,
      "m_cond_mean": 0.00021431673212178077,
      "m_flow_mean": 0.00021362610720843285,
      "a_over_lam": 0.05,
      "a": 0.10471975511965977,
      "n_waves": 12,
      "lambda": 2.0943951023931953,
      "Nu_bump": 0.00020934121151913878,
      "Nu_flat": 0.0002339800756531642,
      "Nu_ratio": 0.8946967425955176,
      "umax": 2.82008467090099,
      "umean": 1.9051076900478727
    },
    {
      "R_mean": 1.0631154003286722,
      "R_max": 2.118575048622343,
      "R_min": 0.13642349947031754,
      "R_std": 0.5402115975098452,
      "corr_excess_slope": -0.8998674704990811,
      "m_cond_mean": 0.0001987006768377993,
      "m_flow_mean": 0.00021126496739059213,
      "a_over_lam": 0.075,
      "a": 0.15707963267948963,
      "n_waves": 12,
      "lambda": 2.0943951023931953,
      "Nu_bump": 0.00020287867447787915,
      "Nu_flat": 0.0002339800756531642,
      "Nu_ratio": 0.8670767111752387,
      "umax": 2.9428546000308367,
      "umean": 1.887399925700097
    },
    {
      "R_mean": 1.1247086206171006,
      "R_max": 2.1226298694831724,
      "R_min": 0.055008323098541784,
      "R_std": 0.5585840472719314,
      "corr_excess_slope": -0.8746942076337255,
      "m_cond_mean": 0.00020867737459922913,
      "m_flow_mean": 0.0002347084315507101,
      "a_over_lam": 0.1,
      "a": 0.20943951023931953,
      "n_waves": 12,
      "lambda": 2.0943951023931953,
      "Nu_bump": 0.00021931526103442916,
      "Nu_flat": 0.0002339800756531642,
      "Nu_ratio": 0.9373245154409081,
      "umax": 3.030954268837881,
      "umean": 1.8705992000951996
    },
    {
      "R_mean": 1.1932500937302084,
      "R_max": 2.218254923299801,
      "R_min": -0.12987127017380948,
      "R_std": 0.6119673060806851,
      "corr_excess_slope": -0.8172356466759519,
      "m_cond_mean": 0.00020873949229918267,
      "m_flow_mean": 0.00024601440058215324,
      "a_over_lam": 0.125,
      "a": 0.2617993877991494,
      "n_waves": 12,
      "lambda": 2.0943951023931953,
      "Nu_bump": 0.0002223896227669718,
      "Nu_flat": 0.0002339800756531642,
      "Nu_ratio": 0.9504639322222749,
      "umax": 3.1094041829258514,
      "umean": 1.8493051058689092
    },
    {
      "R_mean": 1.23606560218108,
      "R_max": 2.597173018319173,
      "R_min": -0.33672239874713805,
      "R_std": 0.6486043275794144,
      "corr_excess_slope": -0.7073766234683225,
      "m_cond_mean": 0.00018824355002874636,
      "m_flow_mean": 0.00023546980489104819,
      "a_over_lam": 0.15,
      "a": 0.31415926535897926,
      "n_waves": 12,
      "lambda": 2.0943951023931953,
      "Nu_bump": 0.00020774723363572328,
      "Nu_flat": 0.0002339800756531642,
      "Nu_ratio": 0.8878842912405641,
      "umax": 3.160433491672535,
      "umean": 1.8227268230953004
    },
    {
      "R_mean": 1.233811054738507,
      "R_max": 2.807903569690255,
      "R_min": -0.3378635956545943,
      "R_std": 0.675188988936934,
      "corr_excess_slope": -0.5492613404944645,
      "m_cond_mean": 0.00020270057308560062,
      "m_flow_mean": 0.0002547523561234516,
      "a_over_lam": 0.2,
      "a": 0.41887902047863906,
      "n_waves": 12,
      "lambda": 2.0943951023931953,
      "Nu_bump": 0.00020984191024890557,
      "Nu_flat": 0.0002339800756531642,
      "Nu_ratio": 0.8968366629642458,
      "umax": 3.300694037867731,
      "umean": 1.7773185129438782
    },
    {
      "R_mean": 1.242461305652184,
      "R_max": 3.6174337830445666,
      "R_min": -0.4392079105840717,
      "R_std": 0.7597467676461892,
      "corr_excess_slope": -0.44293226177096134,
      "m_cond_mean": 0.0002174737074410257,
      "m_flow_mean": 0.0002752727430157143,
      "a_over_lam": 0.25,
      "a": 0.5235987755982988,
      "n_waves": 12,
      "lambda": 2.0943951023931953,
      "Nu_bump": 0.00021024356545824526,
      "Nu_flat": 0.0002339800756531642,
      "Nu_ratio": 0.8985532843826228,
      "umax": 3.4238683252403543,
      "umean": 1.72976818981398
    },
    {
      "R_mean": 1.2836367965369635,
      "R_max": 4.2883547060365474,
      "R_min": -0.3073550294628092,
      "R_std": 0.8727432455507397,
      "corr_excess_slope": -0.355125450428115,
      "m_cond_mean": 0.00021486039179325668,
      "m_flow_mean": 0.00028544752001990223,
      "a_over_lam": 0.3,
      "a": 0.6283185307179585,
      "n_waves": 12,
      "lambda": 2.0943951023931953,
      "Nu_bump": 0.0002089783152014118,
      "Nu_flat": 0.0002339800756531642,
      "Nu_ratio": 0.8931457715706816,
      "umax": 3.5227164185569233,
      "umean": 1.6780663079907931
    }
  ],
  "closure_fit": {
    "deficit_D": [
      0.11769715076752973,
      0.15330049476775431,
      0.06686636647886024,
      0.05211777753828617,
      0.12627288247524482,
      0.11503024050642208,
      0.11290005543419612,
      0.11963806114359699
    ],
    "D_mean": 0.10797787863898631,
    "D_std": 0.030626258676703974,
    "p_free": 0.021720082428872713,
    "zeta_free": 0.10723606912387251,
    "r2_logD_free": 0.0013517656306216708,
    "zeta_quadratic_p2": 1.9252496035235802,
    "r2_quadratic_p2": -5.270510675577892,
    "zeta_linear_p1": 0.5493353413480568,
    "r2_linear_p1": -2.4266107640864596,
    "verdict": "amplitude-INDEPENDENT: deficit D=1/(Nu/Nu_flat)-1=0.108\u00b10.031 shows no power-law in a/\u03bb (p_free\u22480.02, R\u00b2_logD=0.001); the \u00a7G.6 quadratic (R\u00b2=-5.27) and linear (R\u00b2=-2.43) laws are both rejected (worse than a constant). Nu<1 is near-geometric, not an amplitude roll-off.",
    "amplitude_spread_Nu": 0.08338722104703622,
    "worst_seed_std_Nu": 0.018090309302228644,
    "Nu_ratio_mean_over_grid": 0.9032477389490068,
    "Nu_ratio_std_over_grid": 0.0254295189236513
  },
  "seed_robustness": [
    {
      "a_over_lam": 0.05,
      "per_seed": [
        {
          "seed": 0,
          "Nu_ratio": 0.8946967425955176,
          "R_mean": 0.9998305341507178,
          "R_max": 1.9217276421009009
        },
        {
          "seed": 1,
          "Nu_ratio": 0.8902411147066792,
          "R_mean": 0.9936072820443177,
          "R_max": 1.861710915403172
        },
        {
          "seed": 2,
          "Nu_ratio": 0.9010273581116752,
          "R_mean": 1.0075845760427413,
          "R_max": 1.874149058811116
        }
      ],
      "Nu_ratio_mean": 0.8953217384712907,
      "Nu_ratio_std": 0.004425586709240182
    },
    {
      "a_over_lam": 0.3,
      "per_seed": [
        {
          "seed": 0,
          "Nu_ratio": 0.8931457715706816,
          "R_mean": 1.2836367965369635,
          "R_max": 4.2883547060365474
        },
        {
          "seed": 1,
          "Nu_ratio": 0.9211120094029832,
          "R_mean": 1.3222683984586656,
          "R_max": 3.786345693917827
        },
        {
          "seed": 2,
          "Nu_ratio": 0.9368960529995193,
          "R_mean": 1.3498084180391507,
          "R_max": 3.8662805376633633
        }
      ],
      "Nu_ratio_mean": 0.9170512779910615,
      "Nu_ratio_std": 0.018090309302228644
    }
  ]
}