{
  "les": [
    1.0,
    10.0,
    100.0,
    1000.0
  ],
  "seeds": [
    1,
    2
  ],
  "rows": [
    {
      "seed": 1,
      "sgs": "backscatter",
      "bs_tau": 0.05,
      "Le": 1.0,
      "Ri_T": 1.0,
      "R_rho": 2.0,
      "sample_dt": 0.0008,
      "n_samples": 3000,
      "tau_c_heat_efold": 0.458221400481433,
      "tau_c_salt_efold": 0.458221400481433,
      "tau_c_heat_integral": 0.3745379941453593,
      "tau_c_salt_integral": 0.3745379941453593,
      "tau_c_Ku_efold": 0.5123915812547417,
      "salt_over_heat_efold": 1.0,
      "flux_xcorr": 1.0,
      "Nu_T": -10.330401612237443,
      "Nu_S": -10.330401612237443,
      "mean_F_T": 8.441510453477108e-05,
      "mean_F_S": 8.441510453477108e-05
    },
    {
      "seed": 2,
      "sgs": "backscatter",
      "bs_tau": 0.05,
      "Le": 1.0,
      "Ri_T": 1.0,
      "R_rho": 2.0,
      "sample_dt": 0.0008,
      "n_samples": 3000,
      "tau_c_heat_efold": 0.5292039506156536,
      "tau_c_salt_efold": 0.5292039506156536,
      "tau_c_heat_integral": 0.4157783882977904,
      "tau_c_salt_integral": 0.4157783882977904,
      "tau_c_Ku_efold": 0.5484288906177156,
      "salt_over_heat_efold": 1.0,
      "flux_xcorr": 1.0,
      "Nu_T": -8.138603474494252,
      "Nu_S": -8.138603474494252,
      "mean_F_T": 0.00044270488589527726,
      "mean_F_S": 0.00044270488589527726
    },
    {
      "seed": 1,
      "sgs": "backscatter",
      "bs_tau": 0.05,
      "Le": 10.0,
      "Ri_T": 1.0,
      "R_rho": 2.0,
      "sample_dt": 0.0008,
      "n_samples": 3000,
      "tau_c_heat_efold": 0.4604274519371215,
      "tau_c_salt_efold": 0.45982551954472123,
      "tau_c_heat_integral": 0.3761378869746278,
      "tau_c_salt_integral": 0.3756966690694022,
      "tau_c_Ku_efold": 0.5127388553407746,
      "salt_over_heat_efold": 0.9986926661521424,
      "flux_xcorr": 0.9999863196478085,
      "Nu_T": -11.077066046725145,
      "Nu_S": -123.0364172353191,
      "mean_F_T": 4.5298908036749e-05,
      "mean_F_S": 4.8586746101440794e-05
    },
    {
      "seed": 2,
      "sgs": "backscatter",
      "bs_tau": 0.05,
      "Le": 10.0,
      "Ri_T": 1.0,
      "R_rho": 2.0,
      "sample_dt": 0.0008,
      "n_samples": 3000,
      "tau_c_heat_efold": 0.5287417781724733,
      "tau_c_salt_efold": 0.5267386988654911,
      "tau_c_heat_integral": 0.4157032357390129,
      "tau_c_salt_integral": 0.41417120771845395,
      "tau_c_Ku_efold": 0.5478770009839704,
      "salt_over_heat_efold": 0.9962116114336462,
      "flux_xcorr": 0.999958558568081,
      "Nu_T": -8.92332203752495,
      "Nu_S": -103.26344419637935,
      "mean_F_T": 0.00040289821770478275,
      "mean_F_S": 0.00040061626516488746
    },
    {
      "seed": 1,
      "sgs": "backscatter",
      "bs_tau": 0.05,
      "Le": 100.0,
      "Ri_T": 1.0,
      "R_rho": 2.0,
      "sample_dt": 0.0008,
      "n_samples": 3000,
      "tau_c_heat_efold": 0.4606395223646212,
      "tau_c_salt_efold": 0.4599797886325151,
      "tau_c_heat_integral": 0.3762902044644522,
      "tau_c_salt_integral": 0.37580621143460197,
      "tau_c_Ku_efold": 0.5127748873915727,
      "salt_over_heat_efold": 0.9985677873910613,
      "flux_xcorr": 0.9999836069745291,
      "Nu_T": -11.153165163032513,
      "Nu_S": -1250.865314027561,
      "mean_F_T": 4.1334410784289526e-05,
      "mean_F_S": 4.470139650936345e-05
    },
    {
      "seed": 2,
      "sgs": "backscatter",
      "bs_tau": 0.05,
      "Le": 100.0,
      "Ri_T": 1.0,
      "R_rho": 2.0,
      "sample_dt": 0.0008,
      "n_samples": 3000,
      "tau_c_heat_efold": 0.5286891541775602,
      "tau_c_salt_efold": 0.52648129209813,
      "tau_c_heat_integral": 0.4156906769402378,
      "tau_c_salt_integral": 0.41400520393267765,
      "tau_c_Ku_efold": 0.5478158698876471,
      "salt_over_heat_efold": 0.995823893753098,
      "flux_xcorr": 0.9999500533502629,
      "Nu_T": -9.003005067115742,
      "Nu_S": -1055.3199870705948,
      "mean_F_T": 0.00039886553634791404,
      "mean_F_S": 0.0003960662920718583
    },
    {
      "seed": 1,
      "sgs": "backscatter",
      "bs_tau": 0.05,
      "Le": 1000.0,
      "Ri_T": 1.0,
      "R_rho": 2.0,
      "sample_dt": 0.0008,
      "n_samples": 3000,
      "tau_c_heat_efold": 0.46066063940873947,
      "tau_c_salt_efold": 0.45999514792580987,
      "tau_c_heat_integral": 0.37630535268131066,
      "tau_c_salt_integral": 0.37581711163601994,
      "tau_c_Ku_efold": 0.5127785023568429,
      "salt_over_heat_efold": 0.9985553541457682,
      "flux_xcorr": 0.9999833237480102,
      "Nu_T": -11.160789623178234,
      "Nu_S": -12529.235713780083,
      "mean_F_T": 4.0937430317934766e-05,
      "mean_F_S": 4.4309675237945784e-05
    },
    {
      "seed": 2,
      "sgs": "backscatter",
      "bs_tau": 0.05,
      "Le": 1000.0,
      "Ri_T": 1.0,
      "R_rho": 2.0,
      "sample_dt": 0.0008,
      "n_samples": 3000,
      "tau_c_heat_efold": 0.5286838290466049,
      "tau_c_salt_efold": 0.5264554426014805,
      "tau_c_heat_integral": 0.4156893715765581,
      "tau_c_salt_integral": 0.4139885496592566,
      "tau_c_Ku_efold": 0.5478096934160859,
      "salt_over_heat_efold": 0.9957850300639174,
      "flux_xcorr": 0.9999491610967192,
      "Nu_T": -9.010985529342836,
      "Nu_S": -10575.970775307578,
      "mean_F_T": 0.0003984617454528663,
      "mean_F_S": 0.00039560769461132855
    }
  ],
  "summary": [
    {
      "Le": 1.0,
      "salt_over_heat_mean": 1.0,
      "salt_over_heat_std": 0.0,
      "NuS_over_NuT_mean": 1.0,
      "flux_xcorr_mean": 1.0
    },
    {
      "Le": 10.0,
      "salt_over_heat_mean": 0.9974521387928943,
      "salt_over_heat_std": 0.001240527359248067,
      "NuS_over_NuT_mean": 11.339810225214851,
      "flux_xcorr_mean": 0.9999724391079448
    },
    {
      "Le": 100.0,
      "salt_over_heat_mean": 0.9971958405720797,
      "salt_over_heat_std": 0.001371946818981673,
      "NuS_over_NuT_mean": 114.68601515718143,
      "flux_xcorr_mean": 0.9999668301623961
    },
    {
      "Le": 1000.0,
      "salt_over_heat_mean": 0.9971701921048428,
      "salt_over_heat_std": 0.001385162040925425,
      "NuS_over_NuT_mean": 1148.1436005463925,
      "flux_xcorr_mean": 0.9999662424223648
    }
  ],
  "wall_time_s": 302.0,
  "description": "Le-sweep hardening of RESULT 13: across a 1000x range of the molecular diffusivity contrast Le, the turbulent-flux memory time ratio tau_c(salt)/tau_c(heat) stays ~1 (a turbulence clock, scalar-independent) while Nu_S/Nu_T tracks Le (the contrast lives in the kappa-normalised transport efficiency, i.e. the amplitude, not the memory time)."
}