{
  "config": {
    "n": 96,
    "dt": 0.0005,
    "scheme": "RK4 spectral 1-D periodic",
    "K0": 0.2,
    "kappa": 0.3,
    "eps": 0.5,
    "omega": 2.0,
    "wall_time_s": 29.2
  },
  "baseline": {
    "tau_c": 0.05,
    "maxerr_naive": 0.009067814067934322,
    "maxerr_corrected": 0.0006047306426391702,
    "maxerr_wrongsign": 0.01767529145821138,
    "rmserr_naive": 0.0052403221046047315,
    "rmserr_corrected": 0.0003825980501087052
  },
  "tau_c_scaling": {
    "tau_c": [
      0.0125,
      0.025,
      0.05,
      0.1
    ],
    "maxerr_naive": [
      0.002203821213789838,
      0.0044483878594157875,
      0.009063111911304933,
      0.018751194884161337
    ],
    "maxerr_corrected": [
      3.7913752161783955e-05,
      0.0001515286267691399,
      0.0006049160177597711,
      0.0024070989487581496
    ],
    "loglog_slope_naive": 1.0293434227290088,
    "loglog_slope_corrected": 1.9962435680037032
  },
  "steady_null": {
    "max_e_naive": 0.0,
    "max_e_corrected": 0.0
  },
  "trace": {
    "t": [
      0.0,
      0.05324733311169141,
      0.10649466622338281,
      0.15974199933507421,
      0.21298933244676563,
      0.26623666555845704,
      0.31948399867014843,
      0.37273133178183987,
      0.42597866489353126,
      0.47922599800522264,
      0.5324733311169141,
      0.5857206642286055,
      0.6389679973402969,
      0.6922153304519882,
      0.7454626635636797,
      0.7987099966753711,
      0.8519573297870625,
      0.9052046628987539,
      0.9584519960104453,
      1.0116993291221368,
      1.0649466622338282,
      1.1181939953455196,
      1.171441328457211,
      1.2246886615689023,
      1.2779359946805937,
      1.331183327792285,
      1.3844306609039765,
      1.437677994015668,
      1.4909253271273595,
      1.5441726602390509,
      1.5974199933507423,
      1.6506673264624336,
      1.703914659574125,
      1.7571619926858164,
      1.8104093257975078,
      1.8636566589091992,
      1.9169039920208906,
      1.970151325132582,
      2.0233986582442736,
      2.076645991355965,
      2.1298933244676563,
      2.1831406575793477,
      2.236387990691039,
      2.2896353238027305,
      2.342882656914422,
      2.3961299900261133,
      2.4493773231378047,
      2.502624656249496,
      2.5558719893611874,
      2.609119322472879,
      2.66236665558457,
      2.7156139886962616,
      2.768861321807953,
      2.8221086549196444,
      2.875355988031336,
      2.9286033211430276,
      2.981850654254719,
      3.0350979873664103,
      3.0883453204781017,
      3.141592653589793
    ],
    "e_naive": [
      0.0,
      0.0016523014271547455,
      0.0031409066977285804,
      0.004435499592594131,
      0.005562169428578149,
      0.006504914124219115,
      0.007289318895611034,
      0.007910303561406155,
      0.008390475891185467,
      0.00873217803527667,
      0.008953383014599935,
      0.009061033175487626,
      0.009067814067934322,
      0.008983423221806567,
      0.008815452963276408,
      0.008575366246161483,
      0.008266353994211972,
      0.007901190392774102,
      0.00747952124518438,
      0.007015223432148345,
      0.00650522601678632,
      0.005964381613654694,
      0.005387643766753782,
      0.004790727173171435,
      0.004167265131738065,
      0.0035336983218015195,
      0.0028829149596211055,
      0.00223188823670247,
      0.0015732523881939377,
      0.0009242309558608127,
      0.0002776056826567837,
      0.00034953528318327814,
      0.0009639495488276587,
      0.0015491662685113991,
      0.0021112488309083365,
      0.0026348954009370235,
      0.0031253092169017077,
      0.0035689412597065145,
      0.003970025742002594,
      0.00431734034216962,
      0.004614091203191836,
      0.004851904627160823,
      0.0050329448271067365,
      0.005152116447100627,
      0.005210568568310813,
      0.00520678385961028,
      0.005140956743753712,
      0.005015283367111824,
      0.004829087012696812,
      0.004588221107720008,
      0.004291231326918624,
      0.0039473653328716924,
      0.0035544830196509694,
      0.003124759937981845,
      0.0026554547579423827,
      0.0021610283732518107,
      0.0016382195364183986,
      0.0011030061554208647,
      0.000551698252302511,
      9.630856304268818e-07
    ],
    "e_corrected": [
      0.0,
      1.6279733429058043e-06,
      1.1540614245371561e-05,
      2.821785550923763e-05,
      5.068671839407024e-05,
      7.734656661518008e-05,
      0.00010761653902108949,
      0.00013998134933484362,
      0.00017421536564218412,
      0.0002089724921425027,
      0.00024430557120648944,
      0.00027905739476994165,
      0.0003134667728377451,
      0.0003465502716331368,
      0.00037864699098130494,
      0.00040892295110789935,
      0.0004377509988096798,
      0.0004644268072499859,
      0.0004893107385344239,
      0.0005118159851186232,
      0.0005322599061010995,
      0.0005501673965287126,
      0.0005657933153194359,
      0.0005787733994749458,
      0.0005892888958432103,
      0.0005970898975083197,
      0.000602279987133911,
      0.0006047306426391702,
      0.0006044695336465187,
      0.0006014982120615036,
      0.0005957743868120449,
      0.0005874374378607435,
      0.0005763836135319158,
      0.0005628943315543172,
      0.0005468141296740422,
      0.000528565110711673,
      0.0005079503223336817,
      0.00048552445667894,
      0.00046105940200688285,
      0.0004352272098963572,
      0.0004077788881511761,
      0.00037948170757651646,
      0.0003500758556144629,
      0.0003203954466305313,
      0.0002901794100097487,
      0.0002602951394297079,
      0.00023048899446762936,
      0.0002016243300408918,
      0.00017346239278039665,
      0.00014682331644782248,
      0.00012148928320365457,
      9.819853382418735e-05,
      7.675895090186429e-05,
      5.7791473467827935e-05,
      4.1133587961850906e-05,
      2.7259604862229213e-05,
      1.6040204845208103e-05,
      7.782225261800487e-06,
      2.393203466887527e-06,
      1.6114886025853978e-09
    ],
    "e_wrongsign": [
      0.0,
      0.0032969433465154887,
      0.006248529789798629,
      0.008799557967934168,
      0.011005966757516835,
      0.01284040167477563,
      0.014356173493232684,
      0.015546474198666064,
      0.016457271950341495,
      0.01709530835727263,
      0.017496335721823335,
      0.01767529145821138,
      0.017656862971244094,
      0.017460853791684126,
      0.01710162041391633,
      0.01660214680837674,
      0.015968041110262596,
      0.01522474823601175,
      0.01437092530911053,
      0.013434168413188652,
      0.012407863538185616,
      0.01132156436409836,
      0.010164866526825392,
      0.008969087147075932,
      0.0077213309507996545,
      0.006454418402456678,
      0.005154097287218181,
      0.0038542980966693985,
      0.0025403744226997742,
      0.0012467817311942208,
      4.073767903290903e-05,
      0.0012880047069714347,
      0.0025082811172600166,
      0.00366866250383433,
      0.004780965683814594,
      0.005814700438608706,
      0.006779925336953483,
      0.0076497670803124035,
      0.00843232862689339,
      0.009105532392264467,
      0.009675430083891379,
      0.010125806109527945,
      0.010460656153733375,
      0.010670494076041473,
      0.010757333303380936,
      0.010719004103179419,
      0.010555671794502352,
      0.01027271672539274,
      0.009868625744417296,
      0.00935615433840124,
      0.008732288589049859,
      0.0080165503910252,
      0.007204589612823643,
      0.006321670396425579,
      0.005362252483736036,
      0.004355972243799463,
      0.0032962426907537337,
      0.0022154727851159722,
      0.001106202507824892,
      1.9277839880259386e-06
    ]
  },