{
  "backend": "cupy",
  "dns_n": 192,
  "n_les": 72,
  "kc": 24,
  "nu": 0.0035,
  "les_steps": 6000,
  "dns_spinup": 4000,
  "none_spec_err": 0.07334862447727618,
  "best_closure": "smag",
  "best_spec_err": 0.06903893302756153,
  "any_closure_beats_none": true,
  "dns_ke": 0.03322801822897467,
  "dns_ens": 0.5268573223116791,
  "summary": {
    "none": {
      "stable": true,
      "ke_ratio": 1.022763894811686,
      "ens_ratio": 0.9944838425151672,
      "spec_err_all": 0.07334862447727618,
      "beats_none": false
    },
    "smag": {
      "stable": true,
      "ke_ratio": 0.9792639104920347,
      "ens_ratio": 0.874608129866242,
      "spec_err_all": 0.06903893302756153,
      "beats_none": true
    },
    "specEV": {
      "stable": true,
      "ke_ratio": 1.0187337470825193,
      "ens_ratio": 0.9816870049893528,
      "spec_err_all": 0.07240022679044708,
      "beats_none": true
    },
    "specEV_bs": {
      "stable": true,
      "ke_ratio": 1.0186771341991987,
      "ens_ratio": 0.9824074663690887,
      "spec_err_all": 0.07238041176751732,
      "beats_none": true
    },
    "cuspEV": {
      "stable": true,
      "ke_ratio": 1.0227026081858508,
      "ens_ratio": 0.9933472586821382,
      "spec_err_all": 0.07335441424664818,
      "beats_none": false
    },
    "cuspEV_bs": {
      "stable": true,
      "ke_ratio": 1.022714695676551,
      "ens_ratio": 0.9939624133726654,
      "spec_err_all": 0.0733638139890961,
      "beats_none": false
    }
  }
}