{
  "args": {
    "nw": 12,
    "U": 3.0,
    "afrac": 0.1,
    "nx": 128,
    "ny": 128,
    "famp": 0.4,
    "seed": 0,
    "spinup": 1500,
    "steps_per_update": 15,
    "n_updates": 340,
    "sts": [
      0.001,
      0.0005
    ],
    "out": "/home/K/glaciers/subglacial/moving_boundary_check.json"
  },
  "frozen": {
    "K": 3.0,
    "lam": 2.0943951023931953,
    "a": 0.20943951023931953,
    "E_cos": -9.058170253069188e-05,
    "E_sin_flow": -3.095486255331071e-05,
    "E_sin_cond": -1.3633384574545096e-05,
    "E_sin_total": -4.4588247127855805e-05,
    "E_cos_cond": -3.688828485292478e-18,
    "I_total": 0.32332568872017314,
    "I_cond": 1.0574428992750902
  },
  "moving": [
    {
      "Re_s": -0.36866385045234107,
      "Im_s": -0.3980028172408995,
      "R2_amp": 0.94690891386387,
      "R2_phase": 0.9451697410614043,
      "I_mb": 0.17182079460914806,
      "decay_factor": 0.5865013930432609,
      "phase_span_rad": -0.5903439648791049,
      "n_fit": 225,
      "St": 0.001,
      "ymax_end": 5.210204966737414,
      "clip": 6.086835766330224,
      "n_pts": 340
    },
    {
      "Re_s": -0.7520999362048687,
      "Im_s": -0.8242823780678352,
      "R2_amp": 0.9141854790779855,
      "R2_phase": 0.9168015322696245,
      "I_mb": 0.17442976479299058,
      "decay_factor": 0.30695127430863045,
      "phase_span_rad": -1.2598572829443326,
      "n_fit": 225,
      "St": 0.0005,
      "ymax_end": 5.262037100653931,
      "clip": 6.086835766330224,
      "n_pts": 340
    }
  ],
  "I_mb_spread_clean": 0.0026089701838425128,
  "all_decay": true,
  "migration_sign_consistent": true,
  "n_clean": 2
}